-1.513824462890625000e-01,6.896972656250000000e-03,-1.236419677734375000e-01,-9.388732910156250000e-02,-9.388732910156250000e-02,6.896972656250000000e-03,6.729125976562500000e-03,2.609252929687500000e-02,-9.420776367187500000e-02,6.729125976562500000e-03,6.729125976562500000e-03,2.610778808593750000e-02,6.683349609375000000e-03,-9.439086914062500000e-02,6.698608398437500000e-03,2.621459960937500000e-02,2.621459960937500000e-02,2.658081054687500000e-02,2.645874023437500000e-02,-9.500122070312500000e-02,-9.477233886718750000e-02,-9.500122070312500000e-02,6.622314453125000000e-03,2.651977539062500000e-02,-9.558105468750000000e-02,6.561279296875000000e-03,2.656555175781250000e-02,2.658081054687500000e-02,-9.564208984375000000e-02,-9.558105468750000000e-02,-9.564208984375000000e-02,2.665710449218750000e-02,2.677917480468750000e-02,-9.545898437500000000e-02,6.607055664062500000e-03,6.591796875000000000e-03,6.591796875000000000e-03,6.546020507812500000e-03,2.673339843750000000e-02,6.515502929687500000e-03,6.484985351562500000e-03,2.673339843750000000e-02,2.684020996093750000e-02,6.546020507812500000e-03,6.484985351562500000e-03,-9.536743164062500000e-02,2.684020996093750000e-02,-9.535217285156250000e-02,-9.536743164062500000e-02,6.454467773437500000e-03,-9.544372558593750000e-02,-9.559631347656250000e-02,6.454467773437500000e-03,-9.544372558593750000e-02,-9.559631347656250000e-02
2.531433105468750000e-02,-2.006225585937500000e-01,2.531433105468750000e-02,3.863525390625000000e-02,3.863525390625000000e-02,-1.686553955078125000e-01,-1.399230957031250000e-01,1.393127441406250000e-02,3.874206542968750000e-02,-1.399841308593750000e-01,-1.399841308593750000e-01,1.394653320312500000e-02,-1.401672363281250000e-01,3.875732421875000000e-02,-1.401519775390625000e-01,1.397705078125000000e-02,1.397705078125000000e-02,1.405334472656250000e-02,1.403808593750000000e-02,3.884887695312500000e-02,3.881835937500000000e-02,3.886413574218750000e-02,-1.407318115234375000e-01,1.405334472656250000e-02,3.898620605468750000e-02,-1.409301757812500000e-01,1.408386230468750000e-02,1.409912109375000000e-02,3.901672363281250000e-02,3.898620605468750000e-02,3.901672363281250000e-02,1.412963867187500000e-02,1.408386230468750000e-02,3.895568847656250000e-02,-1.412048339843750000e-01,-1.412353515625000000e-01,-1.412353515625000000e-01,-1.410522460937500000e-01,1.416015625000000000e-02,-1.412048339843750000e-01,-1.414489746093750000e-01,1.416015625000000000e-02,1.423645019531250000e-02,-1.409759521484375000e-01,-1.414489746093750000e-01,3.895568847656250000e-02,1.423645019531250000e-02,3.895568847656250000e-02,3.895568847656250000e-02,-1.416625976562500000e-01,3.901672363281250000e-02,3.910827636718750000e-02,-1.416625976562500000e-01,3.901672363281250000e-02,3.909301757812500000e-02
-1.235351562500000000e-01,6.698608398437500000e-03,-1.585388183593750000e-01,-9.367370605468750000e-02,-9.367370605468750000e-02,6.698608398437500000e-03,6.362915039062500000e-03,2.610778808593750000e-02,-9.393310546875000000e-02,6.347656250000000000e-03,6.347656250000000000e-03,2.612304687500000000e-02,6.271362304687500000e-03,-9.408569335937500000e-02,6.286621093750000000e-03,2.622985839843750000e-02,2.622985839843750000e-02,2.661132812500000000e-02,2.648925781250000000e-02,-9.461975097656250000e-02,-9.440612792968750000e-02,-9.460449218750000000e-02,6.088256835937500000e-03,2.655029296875000000e-02,-9.510803222656250000e-02,5.996704101562500000e-03,2.659606933593750000e-02,2.661132812500000000e-02,-9.516906738281250000e-02,-9.512329101562500000e-02,-9.515380859375000000e-02,2.670288085937500000e-02,2.680969238281250000e-02,-9.501647949218750000e-02,5.981445312500000000e-03,5.966186523437500000e-03,5.966186523437500000e-03,5.950927734375000000e-03,2.676391601562500000e-02,5.905151367187500000e-03,5.828857421875000000e-03,2.676391601562500000e-02,2.687072753906250000e-02,5.981445312500000000e-03,5.828857421875000000e-03,-9.492492675781250000e-02,2.688598632812500000e-02,-9.490966796875000000e-02,-9.490966796875000000e-02,5.767822265625000000e-03,-9.497070312500000000e-02,-9.509277343750000000e-02,5.767822265625000000e-03,-9.497070312500000000e-02,-9.509277343750000000e-02
-9.439086914062500000e-02,1.368713378906250000e-02,-9.440612792968750000e-02,-2.819671630859375000e-01,-2.608795166015625000e-01,1.368713378906250000e-02,2.491760253906250000e-02,6.222534179687500000e-02,-2.183990478515625000e-01,2.491760253906250000e-02,2.491760253906250000e-02,6.222534179687500000e-02,2.493286132812500000e-02,-2.187957763671875000e-01,2.494812011718750000e-02,6.242370605468750000e-02,6.242370605468750000e-02,6.304931640625000000e-02,6.285095214843750000e-02,-2.201232910156250000e-01,-2.196350097656250000e-01,-2.201232910156250000e-01,2.513122558593750000e-02,6.295776367187500000e-02,-2.213287353515625000e-01,2.503967285156250000e-02,6.301879882812500000e-02,6.303405761718750000e-02,-2.214355468750000000e-01,-2.213287353515625000e-01,-2.214355468750000000e-01,6.317138671875000000e-02,6.333923339843750000e-02,-2.210845947265625000e-01,2.534484863281250000e-02,2.532958984375000000e-02,2.532958984375000000e-02,2.507019042968750000e-02,6.327819824218750000e-02,2.508544921875000000e-02,2.510070800781250000e-02,6.327819824218750000e-02,6.343078613281250000e-02,2.505493164062500000e-02,2.510070800781250000e-02,-2.209167480468750000e-01,6.343078613281250000e-02,-2.208862304687500000e-01,-2.209167480468750000e-01,2.513122558593750000e-02,-2.210540771484375000e-01,-2.213745117187500000e-01,2.514648437500000000e-02,-2.210845947265625000e-01,-2.213745117187500000e-01
-9.454345703125000000e-02,1.373291015625000000e-02,-9.454345703125000000e-02,-2.612152099609375000e-01,-2.823028564453125000e-01,1.373291015625000000e-02,2.499389648437500000e-02,6.243896484375000000e-02,-2.188110351562500000e-01,2.499389648437500000e-02,2.499389648437500000e-02,6.245422363281250000e-02,2.500915527343750000e-02,-2.192382812500000000e-01,2.502441406250000000e-02,6.266784667968750000e-02,6.265258789062500000e-02,6.335449218750000000e-02,6.312561035156250000e-02,-2.206878662109375000e-01,-2.201538085937500000e-01,-2.207031250000000000e-01,2.525329589843750000e-02,6.326293945312500000e-02,-2.220153808593750000e-01,2.516174316406250000e-02,6.332397460937500000e-02,6.333923339843750000e-02,-2.221374511718750000e-01,-2.220153808593750000e-01,-2.221221923828125000e-01,6.350708007812500000e-02,6.369018554687500000e-02,-2.217407226562500000e-01,2.548217773437500000e-02,2.548217773437500000e-02,2.548217773437500000e-02,2.519226074218750000e-02,6.362915039062500000e-02,2.520751953125000000e-02,2.523803710937500000e-02,6.362915039062500000e-02,6.379699707031250000e-02,2.516174316406250000e-02,2.523803710937500000e-02,-2.215728759765625000e-01,6.379699707031250000e-02,-2.215423583984375000e-01,-2.215728759765625000e-01,2.528381347656250000e-02,-2.217254638671875000e-01,-2.220764160156250000e-01,2.528381347656250000e-02,-2.217559814453125000e-01,-2.220916748046875000e-01
2.517700195312500000e-02,-1.686096191406250000e-01,2.517700195312500000e-02,3.831481933593750000e-02,3.831481933593750000e-02,-2.021179199218750000e-01,-1.398468017578125000e-01,1.414489746093750000e-02,3.836059570312500000e-02,-1.399230957031250000e-01,-1.399230957031250000e-01,1.416015625000000000e-02,-1.400909423828125000e-01,3.833007812500000000e-02,-1.400756835937500000e-01,1.420593261718750000e-02,1.420593261718750000e-02,1.434326171875000000e-02,1.431274414062500000e-02,3.831481933593750000e-02,3.831481933593750000e-02,3.831481933593750000e-02,-1.406250000000000000e-01,1.435852050781250000e-02,3.834533691406250000e-02,-1.408233642578125000e-01,1.438903808593750000e-02,1.440429687500000000e-02,3.834533691406250000e-02,3.833007812500000000e-02,3.836059570312500000e-02,1.445007324218750000e-02,1.441955566406250000e-02,3.833007812500000000e-02,-1.410675048828125000e-01,-1.410980224609375000e-01,-1.410980224609375000e-01,-1.409454345703125000e-01,1.449584960937500000e-02,-1.410827636718750000e-01,-1.413116455078125000e-01,1.449584960937500000e-02,1.458740234375000000e-02,-1.408538818359375000e-01,-1.413116455078125000e-01,3.833007812500000000e-02,1.460266113281250000e-02,3.833007812500000000e-02,3.833007812500000000e-02,-1.415252685546875000e-01,3.837585449218750000e-02,3.842163085937500000e-02,-1.415252685546875000e-01,3.837585449218750000e-02,3.842163085937500000e-02
2.609252929687500000e-02,-1.409149169921875000e-01,2.609252929687500000e-02,6.217956542968750000e-02,6.217956542968750000e-02,-1.409149169921875000e-01,-3.759613037109375000e-01,3.376770019531250000e-02,7.972717285156250000e-02,-2.791137695312500000e-01,-2.791137695312500000e-01,3.376770019531250000e-02,-2.677764892578125000e-01,7.664489746093750000e-02,-2.677612304687500000e-01,3.202819824218750000e-02,3.202819824218750000e-02,3.205871582031250000e-02,3.207397460937500000e-02,7.714843750000000000e-02,7.696533203125000000e-02,7.716369628906250000e-02,-2.689971923828125000e-01,3.210449218750000000e-02,7.771301269531250000e-02,-2.693634033203125000e-01,3.213500976562500000e-02,3.215026855468750000e-02,7.780456542968750000e-02,7.769775390625000000e-02,7.780456542968750000e-02,3.221130371093750000e-02,3.208923339843750000e-02,7.760620117187500000e-02,-2.700042724609375000e-01,-2.700347900390625000e-01,-2.700500488281250000e-01,-2.696228027343750000e-01,3.225708007812500000e-02,-2.698974609375000000e-01,-2.704010009765625000e-01,3.225708007812500000e-02,3.237915039062500000e-02,-2.694396972656250000e-01,-2.704010009765625000e-01,7.752990722656250000e-02,3.237915039062500000e-02,7.754516601562500000e-02,7.754516601562500000e-02,-2.708282470703125000e-01,7.769775390625000000e-02,7.794189453125000000e-02,-2.708435058593750000e-01,7.769775390625000000e-02,7.794189453125000000e-02
6.881713867187500000e-03,3.906250000000000000e-02,6.881713867187500000e-03,2.452087402343750000e-02,2.452087402343750000e-02,3.904724121093750000e-02,7.861328125000000000e-02,-3.872070312500000000e-01,3.475952148437500000e-02,8.134460449218750000e-02,8.134460449218750000e-02,-3.512115478515625000e-01,7.556152343750000000e-02,3.149414062500000000e-02,7.557678222656250000e-02,-2.653045654296875000e-01,-2.652893066406250000e-01,-2.659606933593750000e-01,-2.658233642578125000e-01,3.147888183593750000e-02,3.149414062500000000e-02,3.147888183593750000e-02,7.575988769531250000e-02,-2.660675048828125000e-01,3.132629394531250000e-02,7.597351074218750000e-02,-2.662048339843750000e-01,-2.662200927734375000e-01,3.128051757812500000e-02,3.132629394531250000e-02,3.129577636718750000e-02,-2.664184570312500000e-01,-2.660980224609375000e-01,3.135681152343750000e-02,7.580566406250000000e-02,7.577514648437500000e-02,7.577514648437500000e-02,7.601928710937500000e-02,-2.666168212890625000e-01,7.608032226562500000e-02,7.618713378906250000e-02,-2.666168212890625000e-01,-2.669067382812500000e-01,7.600402832031250000e-02,7.618713378906250000e-02,3.143310546875000000e-02,-2.668914794921875000e-01,3.143310546875000000e-02,3.143310546875000000e-02,7.624816894531250000e-02,3.137207031250000000e-02,3.131103515625000000e-02,7.624816894531250000e-02,3.138732910156250000e-02,3.131103515625000000e-02
-9.504699707031250000e-02,1.382446289062500000e-02,-9.506225585937500000e-02,-2.192535400390625000e-01,-2.192535400390625000e-01,1.380920410156250000e-02,3.410339355468750000e-02,8.273315429687500000e-02,-3.977813720703125000e-01,3.736877441406250000e-02,3.736877441406250000e-02,8.274841308593750000e-02,3.234863281250000000e-02,-2.688598632812500000e-01,3.236389160156250000e-02,7.705688476562500000e-02,7.705688476562500000e-02,7.783508300781250000e-02,7.759094238281250000e-02,-2.705993652343750000e-01,-2.699584960937500000e-01,-2.705993652343750000e-01,3.269958496093750000e-02,7.772827148437500000e-02,-2.721557617187500000e-01,3.260803222656250000e-02,7.780456542968750000e-02,7.781982421875000000e-02,-2.723083496093750000e-01,-2.721557617187500000e-01,-2.722930908203125000e-01,7.800292968750000000e-02,7.820129394531250000e-02,-2.718353271484375000e-01,3.303527832031250000e-02,3.303527832031250000e-02,3.303527832031250000e-02,3.265380859375000000e-02,7.814025878906250000e-02,3.269958496093750000e-02,3.274536132812500000e-02,7.814025878906250000e-02,7.832336425781250000e-02,3.262329101562500000e-02,3.274536132812500000e-02,-2.716217041015625000e-01,7.832336425781250000e-02,-2.716064453125000000e-01,-2.716369628906250000e-01,3.282165527343750000e-02,-2.718200683593750000e-01,-2.722320556640625000e-01,3.282165527343750000e-02,-2.718505859375000000e-01,-2.722473144531250000e-01
2.619934082031250000e-02,-1.412506103515625000e-01,2.619934082031250000e-02,6.240844726562500000e-02,6.240844726562500000e-02,-1.412506103515625000e-01,-2.796020507812500000e-01,3.535461425781250000e-02,8.583068847656250000e-02,-4.058074951171875000e-01,-3.780517578125000000e-01,3.536987304687500000e-02,-2.684478759765625000e-01,7.691955566406250000e-02,-2.684173583984375000e-01,3.213500976562500000e-02,3.213500976562500000e-02,3.218078613281250000e-02,3.218078613281250000e-02,7.748413085937500000e-02,7.728576660156250000e-02,7.749938964843750000e-02,-2.697601318359375000e-01,3.222656250000000000e-02,7.809448242187500000e-02,-2.701568603515625000e-01,3.225708007812500000e-02,3.228759765625000000e-02,7.818603515625000000e-02,7.807922363281250000e-02,7.818603515625000000e-02,3.234863281250000000e-02,3.221130371093750000e-02,7.797241210937500000e-02,-2.708435058593750000e-01,-2.708740234375000000e-01,-2.708892822265625000e-01,-2.704315185546875000e-01,3.239440917968750000e-02,-2.707366943359375000e-01,-2.712707519531250000e-01,3.239440917968750000e-02,3.251647949218750000e-02,-2.702331542968750000e-01,-2.712554931640625000e-01,7.791137695312500000e-02,3.253173828125000000e-02,7.791137695312500000e-02,7.792663574218750000e-02,-2.717285156250000000e-01,7.807922363281250000e-02,7.833862304687500000e-02,-2.717437744140625000e-01,7.809448242187500000e-02,7.833862304687500000e-02
2.622985839843750000e-02,-1.412811279296875000e-01,2.622985839843750000e-02,6.248474121093750000e-02,6.248474121093750000e-02,-1.412811279296875000e-01,-2.796630859375000000e-01,3.532409667968750000e-02,8.593750000000000000e-02,-3.781127929687500000e-01,-4.058685302734375000e-01,3.532409667968750000e-02,-2.685089111328125000e-01,7.704162597656250000e-02,-2.684936523437500000e-01,3.208923339843750000e-02,3.208923339843750000e-02,3.213500976562500000e-02,3.213500976562500000e-02,7.763671875000000000e-02,7.742309570312500000e-02,7.765197753906250000e-02,-2.698516845703125000e-01,3.218078613281250000e-02,7.827758789062500000e-02,-2.702484130859375000e-01,3.221130371093750000e-02,3.222656250000000000e-02,7.836914062500000000e-02,7.826232910156250000e-02,7.836914062500000000e-02,3.228759765625000000e-02,3.215026855468750000e-02,7.814025878906250000e-02,-2.709503173828125000e-01,-2.709808349609375000e-01,-2.709808349609375000e-01,-2.705230712890625000e-01,3.233337402343750000e-02,-2.708282470703125000e-01,-2.713623046875000000e-01,3.233337402343750000e-02,3.245544433593750000e-02,-2.703247070312500000e-01,-2.713623046875000000e-01,7.807922363281250000e-02,3.247070312500000000e-02,7.807922363281250000e-02,7.809448242187500000e-02,-2.718353271484375000e-01,7.824707031250000000e-02,7.853698730468750000e-02,-2.718505859375000000e-01,7.826232910156250000e-02,7.852172851562500000e-02
6.881713867187500000e-03,3.906250000000000000e-02,6.881713867187500000e-03,2.452087402343750000e-02,2.452087402343750000e-02,3.906250000000000000e-02,7.862854003906250000e-02,-3.512420654296875000e-01,3.475952148437500000e-02,8.134460449218750000e-02,8.134460449218750000e-02,-3.941497802734375000e-01,7.557678222656250000e-02,3.149414062500000000e-02,7.557678222656250000e-02,-2.653350830078125000e-01,-2.653045654296875000e-01,-2.659912109375000000e-01,-2.658386230468750000e-01,3.147888183593750000e-02,3.149414062500000000e-02,3.149414062500000000e-02,7.575988769531250000e-02,-2.660980224609375000e-01,3.134155273437500000e-02,7.598876953125000000e-02,-2.662200927734375000e-01,-2.662353515625000000e-01,3.129577636718750000e-02,3.132629394531250000e-02,3.129577636718750000e-02,-2.664337158203125000e-01,-2.661132812500000000e-01,3.135681152343750000e-02,7.580566406250000000e-02,7.579040527343750000e-02,7.579040527343750000e-02,7.603454589843750000e-02,-2.666320800781250000e-01,7.608032226562500000e-02,7.620239257812500000e-02,-2.666473388671875000e-01,-2.669372558593750000e-01,7.600402832031250000e-02,7.618713378906250000e-02,3.143310546875000000e-02,-2.669219970703125000e-01,3.144836425781250000e-02,3.144836425781250000e-02,7.624816894531250000e-02,3.138732910156250000e-02,3.131103515625000000e-02,7.624816894531250000e-02,3.138732910156250000e-02,3.131103515625000000e-02
2.633666992187500000e-02,-1.415405273437500000e-01,2.632141113281250000e-02,6.268310546875000000e-02,6.268310546875000000e-02,-1.415405273437500000e-01,-2.684783935546875000e-01,3.207397460937500000e-02,7.708740234375000000e-02,-2.686157226562500000e-01,-2.686157226562500000e-01,3.207397460937500000e-02,-4.116363525390625000e-01,8.740234375000000000e-02,-3.755493164062500000e-01,3.916931152343750000e-02,3.916931152343750000e-02,3.674316406250000000e-02,3.675842285156250000e-02,8.714294433593750000e-02,8.689880371093750000e-02,8.715820312500000000e-02,-3.022460937500000000e-01,3.680419921875000000e-02,8.786010742187500000e-02,-3.026733398437500000e-01,3.683471679687500000e-02,3.684997558593750000e-02,8.796691894531250000e-02,8.784484863281250000e-02,8.796691894531250000e-02,3.692626953125000000e-02,3.677368164062500000e-02,8.772277832031250000e-02,-3.034515380859375000e-01,-3.034973144531250000e-01,-3.034973144531250000e-01,-3.029785156250000000e-01,3.697204589843750000e-02,-3.033142089843750000e-01,-3.039093017578125000e-01,3.697204589843750000e-02,3.710937500000000000e-02,-3.027648925781250000e-01,-3.039093017578125000e-01,8.763122558593750000e-02,3.712463378906250000e-02,8.764648437500000000e-02,8.764648437500000000e-02,-3.044281005859375000e-01,8.782958984375000000e-02,8.813476562500000000e-02,-3.044281005859375000e-01,8.784484863281250000e-02,8.811950683593750000e-02
-9.530639648437500000e-02,1.382446289062500000e-02,-9.530639648437500000e-02,-2.198638916015625000e-01,-2.198638916015625000e-01,1.380920410156250000e-02,3.233337402343750000e-02,7.710266113281250000e-02,-2.690887451171875000e-01,3.234863281250000000e-02,3.234863281250000000e-02,7.711791992187500000e-02,3.756713867187500000e-02,-3.799591064453125000e-01,3.758239746093750000e-02,8.747863769531250000e-02,8.747863769531250000e-02,8.741760253906250000e-02,8.714294433593750000e-02,-3.032989501953125000e-01,-3.025970458984375000e-01,-3.033142089843750000e-01,3.746032714843750000e-02,8.731079101562500000e-02,-3.050079345703125000e-01,3.735351562500000000e-02,8.738708496093750000e-02,8.740234375000000000e-02,-3.051757812500000000e-01,-3.050231933593750000e-01,-3.051757812500000000e-01,8.758544921875000000e-02,8.781433105468750000e-02,-3.046569824218750000e-01,3.782653808593750000e-02,3.782653808593750000e-02,3.782653808593750000e-02,3.739929199218750000e-02,8.775329589843750000e-02,3.744506835937500000e-02,3.750610351562500000e-02,8.775329589843750000e-02,8.795166015625000000e-02,3.735351562500000000e-02,3.750610351562500000e-02,-3.044433593750000000e-01,8.795166015625000000e-02,-3.044128417968750000e-01,-3.044433593750000000e-01,3.758239746093750000e-02,-3.046417236328125000e-01,-3.050994873046875000e-01,3.758239746093750000e-02,-3.046875000000000000e-01,-3.051147460937500000e-01
2.630615234375000000e-02,-1.415405273437500000e-01,2.630615234375000000e-02,6.262207031250000000e-02,6.262207031250000000e-02,-1.415405273437500000e-01,-2.684478759765625000e-01,3.213500976562500000e-02,7.702636718750000000e-02,-2.686004638671875000e-01,-2.686004638671875000e-01,3.213500976562500000e-02,-3.755493164062500000e-01,8.732604980468750000e-02,-4.006652832031250000e-01,3.924560546875000000e-02,3.924560546875000000e-02,3.683471679687500000e-02,3.683471679687500000e-02,8.705139160156250000e-02,8.680725097656250000e-02,8.706665039062500000e-02,-3.022308349609375000e-01,3.688049316406250000e-02,8.773803710937500000e-02,-3.026580810546875000e-01,3.692626953125000000e-02,3.694152832031250000e-02,8.784484863281250000e-02,8.772277832031250000e-02,8.784484863281250000e-02,3.701782226562500000e-02,3.688049316406250000e-02,8.760070800781250000e-02,-3.034362792968750000e-01,-3.034820556640625000e-01,-3.034820556640625000e-01,-3.029632568359375000e-01,3.707885742187500000e-02,-3.032989501953125000e-01,-3.038940429687500000e-01,3.707885742187500000e-02,3.721618652343750000e-02,-3.027496337890625000e-01,-3.038940429687500000e-01,8.752441406250000000e-02,3.723144531250000000e-02,8.752441406250000000e-02,8.753967285156250000e-02,-3.044128417968750000e-01,8.770751953125000000e-02,8.801269531250000000e-02,-3.044281005859375000e-01,8.772277832031250000e-02,8.799743652343750000e-02
6.881713867187500000e-03,3.919982910156250000e-02,6.881713867187500000e-03,2.459716796875000000e-02,2.459716796875000000e-02,3.918457031250000000e-02,7.565307617187500000e-02,-2.656097412109375000e-01,3.158569335937500000e-02,7.568359375000000000e-02,7.568359375000000000e-02,-2.656097412109375000e-01,8.935546875000000000e-02,3.669738769531250000e-02,8.935546875000000000e-02,-4.179840087890625000e-01,-3.808441162109375000e-01,-2.983245849609375000e-01,-2.981567382812500000e-01,3.620910644531250000e-02,3.622436523437500000e-02,3.622436523437500000e-02,8.514404296875000000e-02,-2.984466552734375000e-01,3.607177734375000000e-02,8.538818359375000000e-02,-2.985839843750000000e-01,-2.985992431640625000e-01,3.601074218750000000e-02,3.605651855468750000e-02,3.602600097656250000e-02,-2.988281250000000000e-01,-2.984771728515625000e-01,3.608703613281250000e-02,8.518981933593750000e-02,8.517456054687500000e-02,8.517456054687500000e-02,8.544921875000000000e-02,-2.990570068359375000e-01,8.551025390625000000e-02,8.563232421875000000e-02,-2.990570068359375000e-01,-2.994079589843750000e-01,8.540344238281250000e-02,8.563232421875000000e-02,3.617858886718750000e-02,-2.993774414062500000e-01,3.617858886718750000e-02,3.617858886718750000e-02,8.569335937500000000e-02,3.611755371093750000e-02,3.604125976562500000e-02,8.569335937500000000e-02,3.613281250000000000e-02,3.604125976562500000e-02
6.866455078125000000e-03,3.923034667968750000e-02,6.866455078125000000e-03,2.453613281250000000e-02,2.453613281250000000e-02,3.923034667968750000e-02,7.571411132812500000e-02,-2.655792236328125000e-01,3.152465820312500000e-02,7.575988769531250000e-02,7.575988769531250000e-02,-2.655792236328125000e-01,8.941650390625000000e-02,3.663635253906250000e-02,8.943176269531250000e-02,-3.808288574218750000e-01,-3.981170654296875000e-01,-2.982940673828125000e-01,-2.981262207031250000e-01,3.613281250000000000e-02,3.614807128906250000e-02,3.613281250000000000e-02,8.525085449218750000e-02,-2.984161376953125000e-01,3.598022460937500000e-02,8.549499511718750000e-02,-2.985687255859375000e-01,-2.985839843750000000e-01,3.591918945312500000e-02,3.596496582031250000e-02,3.593444824218750000e-02,-2.988128662109375000e-01,-2.984466552734375000e-01,3.599548339843750000e-02,8.531188964843750000e-02,8.529663085937500000e-02,8.529663085937500000e-02,8.555603027343750000e-02,-2.990417480468750000e-01,8.563232421875000000e-02,8.576965332031250000e-02,-2.990417480468750000e-01,-2.993774414062500000e-01,8.552551269531250000e-02,8.575439453125000000e-02,3.608703613281250000e-02,-2.993621826171875000e-01,3.608703613281250000e-02,3.608703613281250000e-02,8.583068847656250000e-02,3.602600097656250000e-02,3.594970703125000000e-02,8.584594726562500000e-02,3.602600097656250000e-02,3.594970703125000000e-02
6.835937500000000000e-03,3.947448730468750000e-02,6.835937500000000000e-03,2.467346191406250000e-02,2.467346191406250000e-02,3.947448730468750000e-02,7.609558105468750000e-02,-2.666473388671875000e-01,3.172302246093750000e-02,7.612609863281250000e-02,7.612609863281250000e-02,-2.666473388671875000e-01,8.540344238281250000e-02,3.637695312500000000e-02,8.541870117187500000e-02,-2.987365722656250000e-01,-2.987213134765625000e-01,-5.227355957031250000e-01,-3.731689453125000000e-01,5.349731445312500000e-02,4.589843750000000000e-02,5.351257324218750000e-02,1.311950683593750000e-01,-3.849182128906250000e-01,5.926513671875000000e-02,1.110534667968750000e-01,-3.851165771484375000e-01,-3.851318359375000000e-01,5.918884277343750000e-02,5.924987792968750000e-02,5.920410156250000000e-02,-3.854217529296875000e-01,-4.564056396484375000e-01,5.928039550781250000e-02,1.312866210937500000e-01,1.312561035156250000e-01,1.312561035156250000e-01,1.111297607421875000e-01,-3.857116699218750000e-01,1.112213134765625000e-01,1.113891601562500000e-01,-3.857116699218750000e-01,-3.861541748046875000e-01,1.110839843750000000e-01,1.113739013671875000e-01,4.891967773437500000e-02,-3.861389160156250000e-01,4.891967773437500000e-02,4.891967773437500000e-02,1.114654541015625000e-01,4.884338378906250000e-02,4.875183105468750000e-02,1.114807128906250000e-01,4.884338378906250000e-02,4.875183105468750000e-02
6.866455078125000000e-03,3.947448730468750000e-02,6.851196289062500000e-03,2.467346191406250000e-02,2.467346191406250000e-02,3.947448730468750000e-02,7.612609863281250000e-02,-2.665863037109375000e-01,3.169250488281250000e-02,7.617187500000000000e-02,7.617187500000000000e-02,-2.665863037109375000e-01,8.544921875000000000e-02,3.633117675781250000e-02,8.546447753906250000e-02,-2.986602783203125000e-01,-2.986297607421875000e-01,-3.732757568359375000e-01,-4.511871337890625000e-01,4.721069335937500000e-02,4.585266113281250000e-02,4.722595214843750000e-02,1.074523925781250000e-01,-3.734283447265625000e-01,4.705810546875000000e-02,1.077728271484375000e-01,-3.736114501953125000e-01,-3.736419677734375000e-01,4.701232910156250000e-02,4.705810546875000000e-02,4.701232910156250000e-02,-3.739318847656250000e-01,-3.734893798828125000e-01,4.708862304687500000e-02,1.075439453125000000e-01,1.075286865234375000e-01,1.075286865234375000e-01,1.078491210937500000e-01,-3.742218017578125000e-01,1.079406738281250000e-01,1.081237792968750000e-01,-3.742370605468750000e-01,-3.746795654296875000e-01,1.078033447265625000e-01,1.081085205078125000e-01,4.719543457031250000e-02,-3.746490478515625000e-01,4.719543457031250000e-02,4.719543457031250000e-02,1.082153320312500000e-01,4.711914062500000000e-02,4.702758789062500000e-02,1.082305908203125000e-01,4.713439941406250000e-02,4.702758789062500000e-02
-9.635925292968750000e-02,1.400756835937500000e-02,-9.635925292968750000e-02,-2.223205566406250000e-01,-2.223205566406250000e-01,1.400756835937500000e-02,3.285217285156250000e-02,7.803344726562500000e-02,-2.720947265625000000e-01,3.286743164062500000e-02,3.286743164062500000e-02,7.804870605468750000e-02,3.765869140625000000e-02,-3.047637939453125000e-01,3.765869140625000000e-02,8.760070800781250000e-02,8.758544921875000000e-02,1.230316162109375000e-01,1.102600097656250000e-01,-4.924774169921875000e-01,-3.713073730468750000e-01,-4.651184082031250000e-01,5.570983886718750000e-02,1.138610839843750000e-01,-4.268646240234375000e-01,5.091857910156250000e-02,1.139526367187500000e-01,1.139678955078125000e-01,-4.270782470703125000e-01,-4.268646240234375000e-01,-4.270782470703125000e-01,1.141967773437500000e-01,1.235351562500000000e-01,-4.263763427734375000e-01,5.632019042968750000e-02,5.632019042968750000e-02,5.632019042968750000e-02,5.101013183593750000e-02,1.143798828125000000e-01,5.107116699218750000e-02,5.119323730468750000e-02,1.143798828125000000e-01,1.146087646484375000e-01,5.093383789062500000e-02,5.117797851562500000e-02,-3.945617675781250000e-01,1.146240234375000000e-01,-3.945312500000000000e-01,-3.945770263671875000e-01,5.131530761718750000e-02,-3.948364257812500000e-01,-3.954315185546875000e-01,5.131530761718750000e-02,-3.948822021484375000e-01,-3.954315185546875000e-01
-9.603881835937500000e-02,1.393127441406250000e-02,-9.603881835937500000e-02,-2.215576171875000000e-01,-2.215576171875000000e-01,1.393127441406250000e-02,3.266906738281250000e-02,7.785034179687500000e-02,-2.711639404296875000e-01,3.266906738281250000e-02,3.266906738281250000e-02,7.785034179687500000e-02,3.742980957031250000e-02,-3.037109375000000000e-01,3.744506835937500000e-02,8.738708496093750000e-02,8.737182617187500000e-02,1.075592041015625000e-01,1.072235107421875000e-01,-3.708953857421875000e-01,-4.464416503906250000e-01,-3.709259033203125000e-01,4.760742187500000000e-02,1.074218750000000000e-01,-3.730316162109375000e-01,4.750061035156250000e-02,1.075134277343750000e-01,1.075439453125000000e-01,-3.732299804687500000e-01,-3.730316162109375000e-01,-3.732299804687500000e-01,1.077728271484375000e-01,1.080322265625000000e-01,-3.726043701171875000e-01,4.812622070312500000e-02,4.812622070312500000e-02,4.812622070312500000e-02,4.757690429687500000e-02,1.079559326171875000e-01,4.765319824218750000e-02,4.774475097656250000e-02,1.079559326171875000e-01,1.082000732421875000e-01,4.751586914062500000e-02,4.774475097656250000e-02,-3.723144531250000000e-01,1.082000732421875000e-01,-3.722839355468750000e-01,-3.723297119140625000e-01,4.786682128906250000e-02,-3.725738525390625000e-01,-3.731536865234375000e-01,4.786682128906250000e-02,-3.726348876953125000e-01,-3.731689453125000000e-01
-9.637451171875000000e-02,1.399230957031250000e-02,-9.637451171875000000e-02,-2.223510742187500000e-01,-2.223510742187500000e-01,1.399230957031250000e-02,3.282165527343750000e-02,7.807922363281250000e-02,-2.721405029296875000e-01,3.283691406250000000e-02,3.283691406250000000e-02,7.809448242187500000e-02,3.761291503906250000e-02,-3.047943115234375000e-01,3.762817382812500000e-02,8.764648437500000000e-02,8.764648437500000000e-02,1.230926513671875000e-01,1.103210449218750000e-01,-4.651641845703125000e-01,-3.713531494140625000e-01,-5.101165771484375000e-01,5.566406250000000000e-02,1.139221191406250000e-01,-4.269104003906250000e-01,5.085754394531250000e-02,1.140136718750000000e-01,1.140441894531250000e-01,-4.271240234375000000e-01,-4.269104003906250000e-01,-4.271240234375000000e-01,1.142730712890625000e-01,1.236114501953125000e-01,-4.264373779296875000e-01,5.625915527343750000e-02,5.625915527343750000e-02,5.625915527343750000e-02,5.094909667968750000e-02,1.144561767578125000e-01,5.101013183593750000e-02,5.111694335937500000e-02,1.144561767578125000e-01,1.147003173828125000e-01,5.087280273437500000e-02,5.111694335937500000e-02,-3.946075439453125000e-01,1.147003173828125000e-01,-3.945770263671875000e-01,-3.946228027343750000e-01,5.125427246093750000e-02,-3.948822021484375000e-01,-3.954772949218750000e-01,5.125427246093750000e-02,-3.949279785156250000e-01,-3.954772949218750000e-01
2.682495117187500000e-02,-1.428070068359375000e-01,2.682495117187500000e-02,6.367492675781250000e-02,6.367492675781250000e-02,-1.428070068359375000e-01,-2.708282470703125000e-01,3.211975097656250000e-02,7.829284667968750000e-02,-2.709808349609375000e-01,-2.709808349609375000e-01,3.213500976562500000e-02,-3.034057617187500000e-01,8.781433105468750000e-02,-3.033905029296875000e-01,3.677368164062500000e-02,3.677368164062500000e-02,5.972290039062500000e-02,4.763793945312500000e-02,1.232757568359375000e-01,1.076660156250000000e-01,1.232910156250000000e-01,-5.715942382812500000e-01,4.937744140625000000e-02,1.435852050781250000e-01,-3.916473388671875000e-01,4.942321777343750000e-02,4.943847656250000000e-02,1.437530517578125000e-01,1.435699462890625000e-01,1.437530517578125000e-01,4.954528808593750000e-02,6.346130371093750000e-02,1.433410644531250000e-01,-4.904937744140625000e-01,-4.905395507812500000e-01,-4.905548095703125000e-01,-3.920440673828125000e-01,4.960632324218750000e-02,-3.924713134765625000e-01,-3.932342529296875000e-01,4.960632324218750000e-02,4.980468750000000000e-02,-3.917694091796875000e-01,-3.932189941406250000e-01,1.148071289062500000e-01,4.980468750000000000e-02,1.148223876953125000e-01,1.148223876953125000e-01,-3.938903808593750000e-01,1.150512695312500000e-01,1.154479980468750000e-01,-3.939056396484375000e-01,1.150665283203125000e-01,1.154479980468750000e-01
6.881713867187500000e-03,3.952026367187500000e-02,6.881713867187500000e-03,2.474975585937500000e-02,2.474975585937500000e-02,3.952026367187500000e-02,7.620239257812500000e-02,-2.670440673828125000e-01,3.181457519531250000e-02,7.623291015625000000e-02,7.623291015625000000e-02,-2.670288085937500000e-01,8.552551269531250000e-02,3.646850585937500000e-02,8.552551269531250000e-02,-2.991790771484375000e-01,-2.991485595703125000e-01,-3.853149414062500000e-01,-3.737030029296875000e-01,4.905700683593750000e-02,4.600524902343750000e-02,4.907226562500000000e-02,1.108856201171875000e-01,-5.131378173828125000e-01,4.893493652343750000e-02,1.161346435546875000e-01,-4.023742675781250000e-01,-4.023895263671875000e-01,4.887390136718750000e-02,4.891967773437500000e-02,4.887390136718750000e-02,-4.027099609375000000e-01,-3.855285644531250000e-01,4.895019531250000000e-02,1.109619140625000000e-01,1.109313964843750000e-01,1.109313964843750000e-01,1.162109375000000000e-01,-4.030151367187500000e-01,1.163024902343750000e-01,1.164855957031250000e-01,-4.030303955078125000e-01,-4.034881591796875000e-01,1.161651611328125000e-01,1.164703369140625000e-01,5.151367187500000000e-02,-4.034729003906250000e-01,5.151367187500000000e-02,5.152893066406250000e-02,1.165618896484375000e-01,5.145263671875000000e-02,5.136108398437500000e-02,1.165771484375000000e-01,5.145263671875000000e-02,5.136108398437500000e-02
-9.736633300781250000e-02,1.429748535156250000e-02,-9.738159179687500000e-02,-2.247467041015625000e-01,-2.247467041015625000e-01,1.428222656250000000e-02,3.352355957031250000e-02,7.868957519531250000e-02,-2.751007080078125000e-01,3.353881835937500000e-02,3.353881835937500000e-02,7.870483398437500000e-02,3.842163085937500000e-02,-3.081207275390625000e-01,3.843688964843750000e-02,8.831787109375000000e-02,8.831787109375000000e-02,1.358489990234375000e-01,1.111755371093750000e-01,-4.292144775390625000e-01,-3.754119873046875000e-01,-4.292297363281250000e-01,6.687927246093750000e-02,1.147918701171875000e-01,-7.858734130859375000e-01,5.194091796875000000e-02,1.148834228515625000e-01,1.149139404296875000e-01,-6.963043212890625000e-01,-7.504577636718750000e-01,-6.962890625000000000e-01,1.151275634765625000e-01,2.004089355468750000e-01,-6.431427001953125000e-01,9.733581542968750000e-02,9.735107421875000000e-02,9.735107421875000000e-02,5.203247070312500000e-02,1.153259277343750000e-01,5.210876464843750000e-02,5.221557617187500000e-02,1.153259277343750000e-01,1.155548095703125000e-01,5.195617675781250000e-02,5.221557617187500000e-02,-3.989257812500000000e-01,1.155548095703125000e-01,-3.988952636718750000e-01,-3.989410400390625000e-01,5.235290527343750000e-02,-3.992004394531250000e-01,-3.997955322265625000e-01,5.235290527343750000e-02,-3.992462158203125000e-01,-3.998107910156250000e-01
2.687072753906250000e-02,-1.430969238281250000e-01,2.687072753906250000e-02,6.376647949218750000e-02,6.376647949218750000e-02,-1.431121826171875000e-01,-2.713928222656250000e-01,3.225708007812500000e-02,7.839965820312500000e-02,-2.715454101562500000e-01,-2.715454101562500000e-01,3.227233886718750000e-02,-3.040313720703125000e-01,8.793640136718750000e-02,-3.040161132812500000e-01,3.694152832031250000e-02,3.694152832031250000e-02,4.951477050781250000e-02,4.785156250000000000e-02,1.143341064453125000e-01,1.078033447265625000e-01,1.143493652343750000e-01,-3.919219970703125000e-01,5.203247070312500000e-02,1.152496337890625000e-01,-5.421447753906250000e-01,5.456542968750000000e-02,5.458068847656250000e-02,1.153869628906250000e-01,1.152343750000000000e-01,1.153869628906250000e-01,6.352233886718750000e-02,4.956054687500000000e-02,1.150665283203125000e-01,-3.934783935546875000e-01,-3.935089111328125000e-01,-3.935241699218750000e-01,-4.875030517578125000e-01,6.359863281250000000e-02,-4.880218505859375000e-01,-4.889678955078125000e-01,6.359863281250000000e-02,6.384277343750000000e-02,-4.871673583984375000e-01,-4.889526367187500000e-01,1.431579589843750000e-01,6.384277343750000000e-02,1.431579589843750000e-01,1.431732177734375000e-01,-4.897766113281250000e-01,1.434478759765625000e-01,1.439361572265625000e-01,-4.898071289062500000e-01,1.434783935546875000e-01,1.439361572265625000e-01
6.881713867187500000e-03,3.958129882812500000e-02,6.881713867187500000e-03,2.476501464843750000e-02,2.476501464843750000e-02,3.958129882812500000e-02,7.629394531250000000e-02,-2.672882080078125000e-01,3.182983398437500000e-02,7.632446289062500000e-02,7.632446289062500000e-02,-2.672729492187500000e-01,8.563232421875000000e-02,3.649902343750000000e-02,8.563232421875000000e-02,-2.994384765625000000e-01,-2.994232177734375000e-01,-3.856811523437500000e-01,-3.740386962890625000e-01,4.910278320312500000e-02,4.605102539062500000e-02,4.911804199218750000e-02,1.110229492187500000e-01,-4.025268554687500000e-01,4.896545410156250000e-02,1.212463378906250000e-01,-5.046234130859375000e-01,-4.754791259765625000e-01,4.890441894531250000e-02,4.895019531250000000e-02,4.891967773437500000e-02,-4.199523925781250000e-01,-3.858795166015625000e-01,4.899597167968750000e-02,1.110992431640625000e-01,1.110687255859375000e-01,1.110687255859375000e-01,1.213226318359375000e-01,-4.202728271484375000e-01,1.214141845703125000e-01,1.216125488281250000e-01,-4.202728271484375000e-01,-4.207763671875000000e-01,1.212768554687500000e-01,1.215972900390625000e-01,5.403137207031250000e-02,-4.207458496093750000e-01,5.404663085937500000e-02,5.404663085937500000e-02,1.217041015625000000e-01,5.397033691406250000e-02,5.387878417968750000e-02,1.217041015625000000e-01,5.397033691406250000e-02,5.387878417968750000e-02
6.851196289062500000e-03,3.964233398437500000e-02,6.851196289062500000e-03,2.473449707031250000e-02,2.473449707031250000e-02,3.964233398437500000e-02,7.643127441406250000e-02,-2.673950195312500000e-01,3.178405761718750000e-02,7.646179199218750000e-02,7.646179199218750000e-02,-2.673950195312500000e-01,8.578491210937500000e-02,3.643798828125000000e-02,8.578491210937500000e-02,-2.995758056640625000e-01,-2.995452880859375000e-01,-3.858337402343750000e-01,-3.741912841796875000e-01,4.902648925781250000e-02,4.597473144531250000e-02,4.904174804687500000e-02,1.112213134765625000e-01,-4.026947021484375000e-01,4.887390136718750000e-02,1.214447021484375000e-01,-4.756317138671875000e-01,-5.269012451171875000e-01,4.881286621093750000e-02,4.885864257812500000e-02,4.882812500000000000e-02,-4.201202392578125000e-01,-3.860473632812500000e-01,4.890441894531250000e-02,1.113128662109375000e-01,1.112823486328125000e-01,1.112823486328125000e-01,1.215362548828125000e-01,-4.204559326171875000e-01,1.216430664062500000e-01,1.218414306640625000e-01,-4.204711914062500000e-01,-4.209594726562500000e-01,1.214752197265625000e-01,1.218261718750000000e-01,5.395507812500000000e-02,-4.209442138671875000e-01,5.395507812500000000e-02,5.395507812500000000e-02,1.219482421875000000e-01,5.387878417968750000e-02,5.378723144531250000e-02,1.219482421875000000e-01,5.387878417968750000e-02,5.377197265625000000e-02
-9.745788574218750000e-02,1.432800292968750000e-02,-9.747314453125000000e-02,-2.249755859375000000e-01,-2.249755859375000000e-01,1.432800292968750000e-02,3.361511230468750000e-02,7.873535156250000000e-02,-2.753753662109375000e-01,3.363037109375000000e-02,3.363037109375000000e-02,7.875061035156250000e-02,3.852844238281250000e-02,-3.084411621093750000e-01,3.852844238281250000e-02,8.837890625000000000e-02,8.836364746093750000e-02,1.359252929687500000e-01,1.112365722656250000e-01,-4.296569824218750000e-01,-3.758087158203125000e-01,-4.296722412109375000e-01,6.704711914062500000e-02,1.148529052734375000e-01,-6.967010498046875000e-01,5.207824707031250000e-02,1.149444580078125000e-01,1.149749755859375000e-01,-8.505401611328125000e-01,-6.966857910156250000e-01,-8.152313232421875000e-01,1.152038574218750000e-01,2.182159423828125000e-01,-6.438140869140625000e-01,1.068420410156250000e-01,1.068725585937500000e-01,1.068725585937500000e-01,5.216979980468750000e-02,1.153869628906250000e-01,5.224609375000000000e-02,5.235290527343750000e-02,1.153869628906250000e-01,1.156158447265625000e-01,5.209350585937500000e-02,5.235290527343750000e-02,-3.993377685546875000e-01,1.156158447265625000e-01,-3.993072509765625000e-01,-3.993530273437500000e-01,5.249023437500000000e-02,-3.996124267578125000e-01,-4.002075195312500000e-01,5.249023437500000000e-02,-3.996734619140625000e-01,-4.002227783203125000e-01
-9.741210937500000000e-02,1.428222656250000000e-02,-9.741210937500000000e-02,-2.248535156250000000e-01,-2.248535156250000000e-01,1.428222656250000000e-02,3.350830078125000000e-02,7.879638671875000000e-02,-2.752075195312500000e-01,3.352355957031250000e-02,3.352355957031250000e-02,7.881164550781250000e-02,3.840637207031250000e-02,-3.082427978515625000e-01,3.840637207031250000e-02,8.843994140625000000e-02,8.843994140625000000e-02,1.360015869140625000e-01,1.113128662109375000e-01,-4.293670654296875000e-01,-3.755645751953125000e-01,-4.293975830078125000e-01,6.684875488281250000e-02,1.149444580078125000e-01,-7.506561279296875000e-01,5.191040039062500000e-02,1.150360107421875000e-01,1.150665283203125000e-01,-6.965026855468750000e-01,-7.800598144531250000e-01,-6.964874267578125000e-01,1.152954101562500000e-01,2.005767822265625000e-01,-6.433258056640625000e-01,9.730529785156250000e-02,9.732055664062500000e-02,9.733581542968750000e-02,5.200195312500000000e-02,1.154937744140625000e-01,5.207824707031250000e-02,5.218505859375000000e-02,1.154937744140625000e-01,1.157379150390625000e-01,5.194091796875000000e-02,5.218505859375000000e-02,-3.991241455078125000e-01,1.157379150390625000e-01,-3.990936279296875000e-01,-3.991394042968750000e-01,5.232238769531250000e-02,-3.993988037109375000e-01,-4.000091552734375000e-01,5.232238769531250000e-02,-3.994445800781250000e-01,-4.000091552734375000e-01
-9.748840332031250000e-02,1.431274414062500000e-02,-9.748840332031250000e-02,-2.250366210937500000e-01,-2.250366210937500000e-01,1.431274414062500000e-02,3.356933593750000000e-02,7.881164550781250000e-02,-2.754364013671875000e-01,3.358459472656250000e-02,3.358459472656250000e-02,7.882690429687500000e-02,3.848266601562500000e-02,-3.085174560546875000e-01,3.849792480468750000e-02,8.847045898437500000e-02,8.847045898437500000e-02,1.360473632812500000e-01,1.113433837890625000e-01,-4.297485351562500000e-01,-3.758850097656250000e-01,-4.297790527343750000e-01,6.700134277343750000e-02,1.149749755859375000e-01,-6.968078613281250000e-01,5.203247070312500000e-02,1.150665283203125000e-01,1.150970458984375000e-01,-8.153533935546875000e-01,-6.967926025390625000e-01,-8.491668701171875000e-01,1.153259277343750000e-01,2.183532714843750000e-01,-6.439208984375000000e-01,1.067962646484375000e-01,1.068267822265625000e-01,1.068267822265625000e-01,5.212402343750000000e-02,1.155242919921875000e-01,5.218505859375000000e-02,5.230712890625000000e-02,1.155242919921875000e-01,1.157684326171875000e-01,5.204772949218750000e-02,5.229187011718750000e-02,-3.994598388671875000e-01,1.157684326171875000e-01,-3.994140625000000000e-01,-3.994598388671875000e-01,5.242919921875000000e-02,-3.997192382812500000e-01,-4.003295898437500000e-01,5.242919921875000000e-02,-3.997802734375000000e-01,-4.003448486328125000e-01
6.790161132812500000e-03,3.977966308593750000e-02,6.774902343750000000e-03,2.461242675781250000e-02,2.461242675781250000e-02,3.977966308593750000e-02,7.664489746093750000e-02,-2.676391601562500000e-01,3.166198730468750000e-02,7.669067382812500000e-02,7.669067382812500000e-02,-2.676391601562500000e-01,8.602905273437500000e-02,3.631591796875000000e-02,8.602905273437500000e-02,-2.998352050781250000e-01,-2.998199462890625000e-01,-3.861846923828125000e-01,-3.745269775390625000e-01,4.885864257812500000e-02,4.582214355468750000e-02,4.887390136718750000e-02,1.115264892578125000e-01,-4.030609130859375000e-01,4.869079589843750000e-02,1.395111083984375000e-01,-4.201507568359375000e-01,-4.201812744140625000e-01,4.862976074218750000e-02,4.867553710937500000e-02,4.862976074218750000e-02,-5.715942382812500000e-01,-3.863830566406250000e-01,4.872131347656250000e-02,1.116180419921875000e-01,1.116027832031250000e-01,1.116027832031250000e-01,1.448059082031250000e-01,-4.987487792968750000e-01,1.449279785156250000e-01,1.451721191406250000e-01,-4.987487792968750000e-01,-4.993438720703125000e-01,1.415252685546875000e-01,1.451568603515625000e-01,6.521606445312500000e-02,-4.993133544921875000e-01,6.521606445312500000e-02,6.523132324218750000e-02,1.452941894531250000e-01,6.512451171875000000e-02,6.501770019531250000e-02,1.453094482421875000e-01,6.513977050781250000e-02,6.500244140625000000e-02
6.805419921875000000e-03,3.973388671875000000e-02,6.805419921875000000e-03,2.473449707031250000e-02,2.473449707031250000e-02,3.971862792968750000e-02,7.649230957031250000e-02,-2.672576904296875000e-01,3.181457519531250000e-02,7.653808593750000000e-02,7.653808593750000000e-02,-2.672576904296875000e-01,8.584594726562500000e-02,3.648376464843750000e-02,8.584594726562500000e-02,-2.994232177734375000e-01,-2.993927001953125000e-01,-4.571533203125000000e-01,-3.740081787109375000e-01,5.368041992187500000e-02,4.603576660156250000e-02,5.368041992187500000e-02,1.390380859375000000e-01,-3.857879638671875000e-01,9.156799316406250000e-02,1.116180419921875000e-01,-3.859863281250000000e-01,-3.860168457031250000e-01,1.003570556640625000e-01,9.155273437500000000e-02,1.003570556640625000e-01,-3.863220214843750000e-01,-8.914642333984375000e-01,8.407592773437500000e-02,2.341308593750000000e-01,2.261962890625000000e-01,2.261962890625000000e-01,1.116943359375000000e-01,-3.866119384765625000e-01,1.118011474609375000e-01,1.119842529296875000e-01,-3.866271972656250000e-01,-3.870849609375000000e-01,1.116485595703125000e-01,1.119689941406250000e-01,4.907226562500000000e-02,-3.870697021484375000e-01,4.908752441406250000e-02,4.908752441406250000e-02,1.120758056640625000e-01,4.901123046875000000e-02,4.891967773437500000e-02,1.120910644531250000e-01,4.901123046875000000e-02,4.890441894531250000e-02
-9.716796875000000000e-02,1.423645019531250000e-02,-9.716796875000000000e-02,-2.242431640625000000e-01,-2.242431640625000000e-01,1.423645019531250000e-02,3.338623046875000000e-02,7.855224609375000000e-02,-2.744750976562500000e-01,3.340148925781250000e-02,3.340148925781250000e-02,7.856750488281250000e-02,3.826904296875000000e-02,-3.074188232421875000e-01,3.828430175781250000e-02,8.816528320312500000e-02,8.816528320312500000e-02,1.356201171875000000e-01,1.109771728515625000e-01,-4.282226562500000000e-01,-3.745574951171875000e-01,-4.282531738281250000e-01,6.660461425781250000e-02,1.145935058593750000e-01,-6.423797607421875000e-01,5.174255371093750000e-02,1.146850585937500000e-01,1.147003173828125000e-01,-6.427001953125000000e-01,-6.423797607421875000e-01,-6.426849365234375000e-01,1.149291992187500000e-01,1.851196289062500000e-01,-7.291870117187500000e-01,8.914184570312500000e-02,8.915710449218750000e-02,8.915710449218750000e-02,5.183410644531250000e-02,1.151275634765625000e-01,5.191040039062500000e-02,5.201721191406250000e-02,1.151275634765625000e-01,1.153564453125000000e-01,5.175781250000000000e-02,5.201721191406250000e-02,-3.980255126953125000e-01,1.153564453125000000e-01,-3.979949951171875000e-01,-3.980407714843750000e-01,5.215454101562500000e-02,-3.982849121093750000e-01,-3.988952636718750000e-01,5.215454101562500000e-02,-3.983459472656250000e-01,-3.988952636718750000e-01
2.723693847656250000e-02,-1.440887451171875000e-01,2.723693847656250000e-02,6.455993652343750000e-02,6.455993652343750000e-02,-1.440887451171875000e-01,-2.732391357421875000e-01,3.221130371093750000e-02,7.936096191406250000e-02,-2.733917236328125000e-01,-2.733917236328125000e-01,3.222656250000000000e-02,-3.061065673828125000e-01,8.901977539062500000e-02,-3.060760498046875000e-01,3.689575195312500000e-02,3.689575195312500000e-02,5.992126464843750000e-02,4.779052734375000000e-02,1.249237060546875000e-01,1.091156005859375000e-01,1.249542236328125000e-01,-4.928741455078125000e-01,4.953002929687500000e-02,2.027587890625000000e-01,-3.951263427734375000e-01,4.959106445312500000e-02,4.960632324218750000e-02,2.208709716796875000e-01,2.027435302734375000e-01,2.208709716796875000e-01,4.971313476562500000e-02,1.123046875000000000e-01,1.873321533203125000e-01,-9.612884521484375000e-01,-8.029785156250000000e-01,-8.029937744140625000e-01,-3.955078125000000000e-01,4.977416992187500000e-02,-3.959503173828125000e-01,-3.967132568359375000e-01,4.977416992187500000e-02,4.997253417968750000e-02,-3.952331542968750000e-01,-3.966979980468750000e-01,1.163482666015625000e-01,4.997253417968750000e-02,1.163482666015625000e-01,1.163635253906250000e-01,-3.973693847656250000e-01,1.165924072265625000e-01,1.169891357421875000e-01,-3.973846435546875000e-01,1.166076660156250000e-01,1.169738769531250000e-01
2.729797363281250000e-02,-1.441192626953125000e-01,2.729797363281250000e-02,6.471252441406250000e-02,6.471252441406250000e-02,-1.441345214843750000e-01,-2.733154296875000000e-01,3.213500976562500000e-02,7.954406738281250000e-02,-2.734680175781250000e-01,-2.734680175781250000e-01,3.215026855468750000e-02,-3.061828613281250000e-01,8.920288085937500000e-02,-3.061676025390625000e-01,3.680419921875000000e-02,3.680419921875000000e-02,5.981445312500000000e-02,4.769897460937500000e-02,1.251831054687500000e-01,1.093444824218750000e-01,1.251983642578125000e-01,-4.929962158203125000e-01,4.942321777343750000e-02,2.030639648437500000e-01,-3.952484130859375000e-01,4.948425292968750000e-02,4.949951171875000000e-02,2.211914062500000000e-01,2.030487060546875000e-01,2.211914062500000000e-01,4.959106445312500000e-02,1.081237792968750000e-01,1.876220703125000000e-01,-8.030242919921875000e-01,-9.039001464843750000e-01,-8.756561279296875000e-01,-3.956451416015625000e-01,4.965209960937500000e-02,-3.960723876953125000e-01,-3.968505859375000000e-01,4.965209960937500000e-02,4.985046386718750000e-02,-3.953704833984375000e-01,-3.968505859375000000e-01,1.166381835937500000e-01,4.985046386718750000e-02,1.166381835937500000e-01,1.166534423828125000e-01,-3.975219726562500000e-01,1.168975830078125000e-01,1.172943115234375000e-01,-3.975372314453125000e-01,1.169128417968750000e-01,1.172943115234375000e-01
2.731323242187500000e-02,-1.441345214843750000e-01,2.731323242187500000e-02,6.471252441406250000e-02,6.471252441406250000e-02,-1.441497802734375000e-01,-2.733306884765625000e-01,3.213500976562500000e-02,7.955932617187500000e-02,-2.734985351562500000e-01,-2.734985351562500000e-01,3.215026855468750000e-02,-3.062133789062500000e-01,8.921813964843750000e-02,-3.061981201171875000e-01,3.681945800781250000e-02,3.680419921875000000e-02,5.982971191406250000e-02,4.769897460937500000e-02,1.251983642578125000e-01,1.093597412109375000e-01,1.252136230468750000e-01,-4.930419921875000000e-01,4.943847656250000000e-02,2.030944824218750000e-01,-3.952789306640625000e-01,4.948425292968750000e-02,4.949951171875000000e-02,2.212066650390625000e-01,2.030792236328125000e-01,2.212219238281250000e-01,4.960632324218750000e-02,1.081237792968750000e-01,1.876525878906250000e-01,-8.030853271484375000e-01,-8.757019042968750000e-01,-9.075622558593750000e-01,-3.956756591796875000e-01,4.966735839843750000e-02,-3.961181640625000000e-01,-3.968963623046875000e-01,4.966735839843750000e-02,4.985046386718750000e-02,-3.954010009765625000e-01,-3.968963623046875000e-01,1.166534423828125000e-01,4.985046386718750000e-02,1.166687011718750000e-01,1.166687011718750000e-01,-3.975677490234375000e-01,1.169128417968750000e-01,1.173248291015625000e-01,-3.975830078125000000e-01,1.169281005859375000e-01,1.173095703125000000e-01
2.705383300781250000e-02,-1.434631347656250000e-01,2.705383300781250000e-02,6.414794921875000000e-02,6.414794921875000000e-02,-1.434631347656250000e-01,-2.720642089843750000e-01,3.219604492187500000e-02,7.887268066406250000e-02,-2.722167968750000000e-01,-2.722167968750000000e-01,3.221130371093750000e-02,-3.047943115234375000e-01,8.845520019531250000e-02,-3.047637939453125000e-01,3.688049316406250000e-02,3.688049316406250000e-02,4.943847656250000000e-02,4.779052734375000000e-02,1.150054931640625000e-01,1.084289550781250000e-01,1.150207519531250000e-01,-3.929138183593750000e-01,5.197143554687500000e-02,1.160430908203125000e-01,-4.881744384765625000e-01,5.450439453125000000e-02,5.451965332031250000e-02,1.161804199218750000e-01,1.160278320312500000e-01,1.161956787109375000e-01,6.605529785156250000e-02,4.948425292968750000e-02,1.158294677734375000e-01,-3.945617675781250000e-01,-3.946075439453125000e-01,-3.946075439453125000e-01,-5.999603271484375000e-01,6.918334960937500000e-02,-5.279693603515625000e-01,-5.289764404296875000e-01,6.918334960937500000e-02,6.942749023437500000e-02,-4.950866699218750000e-01,-5.289764404296875000e-01,1.554718017578125000e-01,6.942749023437500000e-02,1.554718017578125000e-01,1.554870605468750000e-01,-5.298614501953125000e-01,1.558074951171875000e-01,1.563415527343750000e-01,-5.298767089843750000e-01,1.558227539062500000e-01,1.563415527343750000e-01
6.835937500000000000e-03,3.984069824218750000e-02,6.835937500000000000e-03,2.479553222656250000e-02,2.479553222656250000e-02,3.984069824218750000e-02,7.673645019531250000e-02,-2.681274414062500000e-01,3.187561035156250000e-02,7.676696777343750000e-02,7.676696777343750000e-02,-2.681274414062500000e-01,8.612060546875000000e-02,3.656005859375000000e-02,8.612060546875000000e-02,-3.003997802734375000e-01,-3.003692626953125000e-01,-3.868865966796875000e-01,-3.752136230468750000e-01,4.919433593750000000e-02,4.612731933593750000e-02,4.920959472656250000e-02,1.116485595703125000e-01,-4.037933349609375000e-01,4.905700683593750000e-02,1.396789550781250000e-01,-4.209136962890625000e-01,-4.209442138671875000e-01,4.901123046875000000e-02,4.905700683593750000e-02,4.901123046875000000e-02,-4.992523193359375000e-01,-3.871002197265625000e-01,4.908752441406250000e-02,1.117095947265625000e-01,1.116790771484375000e-01,1.116943359375000000e-01,1.510925292968750000e-01,-6.251373291015625000e-01,1.595306396484375000e-01,1.597900390625000000e-01,-5.913543701171875000e-01,-5.493621826171875000e-01,1.416931152343750000e-01,1.597747802734375000e-01,6.958007812500000000e-02,-5.493469238281250000e-01,6.958007812500000000e-02,6.959533691406250000e-02,1.599121093750000000e-01,7.272338867187500000e-02,7.261657714843750000e-02,1.599273681640625000e-01,7.273864746093750000e-02,7.261657714843750000e-02
2.709960937500000000e-02,-1.436767578125000000e-01,2.708435058593750000e-02,6.423950195312500000e-02,6.423950195312500000e-02,-1.436767578125000000e-01,-2.724609375000000000e-01,3.221130371093750000e-02,7.896423339843750000e-02,-2.726135253906250000e-01,-2.726135253906250000e-01,3.222656250000000000e-02,-3.052520751953125000e-01,8.857727050781250000e-02,-3.052215576171875000e-01,3.689575195312500000e-02,3.689575195312500000e-02,4.948425292968750000e-02,4.782104492187500000e-02,1.151428222656250000e-01,1.085662841796875000e-01,1.151580810546875000e-01,-3.934783935546875000e-01,5.200195312500000000e-02,1.161041259765625000e-01,-4.889526367187500000e-01,5.453491210937500000e-02,5.455017089843750000e-02,1.162414550781250000e-01,1.160888671875000000e-01,1.162567138671875000e-01,6.610107421875000000e-02,4.949951171875000000e-02,1.159210205078125000e-01,-3.950347900390625000e-01,-3.950805664062500000e-01,-3.950805664062500000e-01,-5.282592773437500000e-01,7.337951660156250000e-02,-6.605987548828125000e-01,-5.826873779296875000e-01,7.337951660156250000e-02,7.717895507812500000e-02,-4.958953857421875000e-01,-5.826873779296875000e-01,1.575775146484375000e-01,7.717895507812500000e-02,1.575775146484375000e-01,1.575927734375000000e-01,-5.836486816406250000e-01,1.717529296875000000e-01,1.723480224609375000e-01,-5.836791992187500000e-01,1.717834472656250000e-01,1.723480224609375000e-01
2.723693847656250000e-02,-1.442565917968750000e-01,2.723693847656250000e-02,6.455993652343750000e-02,6.455993652343750000e-02,-1.442565917968750000e-01,-2.735900878906250000e-01,3.237915039062500000e-02,7.936096191406250000e-02,-2.737426757812500000e-01,-2.737426757812500000e-01,3.239440917968750000e-02,-3.065032958984375000e-01,8.900451660156250000e-02,-3.064727783203125000e-01,3.709411621093750000e-02,3.707885742187500000e-02,4.972839355468750000e-02,4.804992675781250000e-02,1.157073974609375000e-01,1.090850830078125000e-01,1.157226562500000000e-01,-3.950958251953125000e-01,5.227661132812500000e-02,1.166687011718750000e-01,-4.909667968750000000e-01,5.480957031250000000e-02,5.484008789062500000e-02,1.168060302734375000e-01,1.166534423828125000e-01,1.168212890625000000e-01,6.643676757812500000e-02,4.975891113281250000e-02,1.164703369140625000e-01,-3.966674804687500000e-01,-3.967132568359375000e-01,-3.967132568359375000e-01,-5.304107666015625000e-01,7.373046875000000000e-02,-5.839538574218750000e-01,-7.773895263671875000e-01,7.374572753906250000e-02,9.167480468750000000e-02,-4.979248046875000000e-01,-7.415466308593750000e-01,1.583099365234375000e-01,9.169006347656250000e-02,1.583251953125000000e-01,1.583404541015625000e-01,-6.831207275390625000e-01,1.837615966796875000e-01,2.013549804687500000e-01,-6.831512451171875000e-01,1.837921142578125000e-01,2.013549804687500000e-01
6.851196289062500000e-03,3.984069824218750000e-02,6.835937500000000000e-03,2.479553222656250000e-02,2.479553222656250000e-02,3.984069824218750000e-02,7.673645019531250000e-02,-2.681427001953125000e-01,3.189086914062500000e-02,7.676696777343750000e-02,7.676696777343750000e-02,-2.681427001953125000e-01,8.612060546875000000e-02,3.657531738281250000e-02,8.612060546875000000e-02,-3.004150390625000000e-01,-3.003845214843750000e-01,-3.869171142578125000e-01,-3.752441406250000000e-01,4.920959472656250000e-02,4.614257812500000000e-02,4.922485351562500000e-02,1.116333007812500000e-01,-4.038238525390625000e-01,4.908752441406250000e-02,1.396789550781250000e-01,-4.209442138671875000e-01,-4.209747314453125000e-01,4.902648925781250000e-02,4.907226562500000000e-02,4.902648925781250000e-02,-4.992828369140625000e-01,-3.871307373046875000e-01,4.910278320312500000e-02,1.116943359375000000e-01,1.116790771484375000e-01,1.116790771484375000e-01,1.510925292968750000e-01,-5.913848876953125000e-01,1.595306396484375000e-01,1.597747802734375000e-01,-6.298980712890625000e-01,-5.494079589843750000e-01,1.416931152343750000e-01,1.597747802734375000e-01,6.959533691406250000e-02,-5.493774414062500000e-01,6.959533691406250000e-02,6.961059570312500000e-02,1.599121093750000000e-01,7.275390625000000000e-02,7.264709472656250000e-02,1.599121093750000000e-01,7.275390625000000000e-02,7.264709472656250000e-02
6.790161132812500000e-03,4.008483886718750000e-02,6.790161132812500000e-03,2.474975585937500000e-02,2.474975585937500000e-02,4.008483886718750000e-02,7.717895507812500000e-02,-2.688598632812500000e-01,3.184509277343750000e-02,7.720947265625000000e-02,7.720947265625000000e-02,-2.688598632812500000e-01,8.660888671875000000e-02,3.652954101562500000e-02,8.660888671875000000e-02,-3.012237548828125000e-01,-3.011932373046875000e-01,-3.879547119140625000e-01,-3.762512207031250000e-01,4.916381835937500000e-02,4.609680175781250000e-02,4.916381835937500000e-02,1.122589111328125000e-01,-4.049072265625000000e-01,4.901123046875000000e-02,1.404266357421875000e-01,-4.220733642578125000e-01,-4.220886230468750000e-01,4.895019531250000000e-02,4.899597167968750000e-02,4.895019531250000000e-02,-5.006256103515625000e-01,-3.881530761718750000e-01,4.902648925781250000e-02,1.123504638671875000e-01,1.123199462890625000e-01,1.123199462890625000e-01,1.519012451171875000e-01,-5.502014160156250000e-01,1.674804687500000000e-01,1.953735351562500000e-01,-5.502166748046875000e-01,-8.300781250000000000e-01,1.424560546875000000e-01,1.953735351562500000e-01,6.956481933593750000e-02,-7.926635742187500000e-01,6.956481933593750000e-02,6.958007812500000000e-02,2.140808105468750000e-01,8.184814453125000000e-02,9.962463378906250000e-02,2.140960693359375000e-01,8.186340332031250000e-02,9.962463378906250000e-02
2.693176269531250000e-02,-1.431732177734375000e-01,2.693176269531250000e-02,6.390380859375000000e-02,6.390380859375000000e-02,-1.431884765625000000e-01,-2.715454101562500000e-01,3.216552734375000000e-02,7.856750488281250000e-02,-2.716979980468750000e-01,-2.716979980468750000e-01,3.218078613281250000e-02,-3.042144775390625000e-01,8.811950683593750000e-02,-3.041839599609375000e-01,3.684997558593750000e-02,3.683471679687500000e-02,4.939270019531250000e-02,4.774475097656250000e-02,1.145629882812500000e-01,1.080169677734375000e-01,1.145782470703125000e-01,-3.921356201171875000e-01,5.192565917968750000e-02,1.155242919921875000e-01,-4.873046875000000000e-01,5.444335937500000000e-02,5.447387695312500000e-02,1.156616210937500000e-01,1.155090332031250000e-01,1.156616210937500000e-01,6.439208984375000000e-02,4.942321777343750000e-02,1.153259277343750000e-01,-3.936920166015625000e-01,-3.937377929687500000e-01,-3.937377929687500000e-01,-4.945526123046875000e-01,6.445312500000000000e-02,-4.950866699218750000e-01,-4.960327148437500000e-01,6.446838378906250000e-02,6.468200683593750000e-02,-5.769958496093750000e-01,-4.960327148437500000e-01,1.454467773437500000e-01,6.469726562500000000e-02,1.454467773437500000e-01,1.454620361328125000e-01,-4.968566894531250000e-01,1.457519531250000000e-01,1.462554931640625000e-01,-4.968719482421875000e-01,1.457824707031250000e-01,1.462554931640625000e-01
2.720642089843750000e-02,-1.441955566406250000e-01,2.720642089843750000e-02,6.449890136718750000e-02,6.449890136718750000e-02,-1.441955566406250000e-01,-2.734680175781250000e-01,3.236389160156250000e-02,7.928466796875000000e-02,-2.736206054687500000e-01,-2.736206054687500000e-01,3.237915039062500000e-02,-3.063659667968750000e-01,8.891296386718750000e-02,-3.063354492187500000e-01,3.707885742187500000e-02,3.707885742187500000e-02,4.971313476562500000e-02,4.803466796875000000e-02,1.156005859375000000e-01,1.089935302734375000e-01,1.156158447265625000e-01,-3.949127197265625000e-01,5.226135253906250000e-02,1.165466308593750000e-01,-4.907684326171875000e-01,5.479431152343750000e-02,5.480957031250000000e-02,1.166839599609375000e-01,1.165313720703125000e-01,1.166992187500000000e-01,6.640625000000000000e-02,4.974365234375000000e-02,1.163635253906250000e-01,-3.964691162109375000e-01,-3.965148925781250000e-01,-3.965301513671875000e-01,-5.302124023437500000e-01,7.371520996093750000e-02,-5.837402343750000000e-01,-7.413177490234375000e-01,7.371520996093750000e-02,9.165954589843750000e-02,-4.977264404296875000e-01,-7.717285156250000000e-01,1.581878662109375000e-01,9.165954589843750000e-02,1.581878662109375000e-01,1.582031250000000000e-01,-6.828613281250000000e-01,1.836242675781250000e-01,2.012023925781250000e-01,-6.828918457031250000e-01,1.836547851562500000e-01,2.012023925781250000e-01
-9.698486328125000000e-02,1.405334472656250000e-02,-9.698486328125000000e-02,-2.237701416015625000e-01,-2.237701416015625000e-01,1.403808593750000000e-02,3.302001953125000000e-02,7.865905761718750000e-02,-2.738800048828125000e-01,3.303527832031250000e-02,3.303527832031250000e-02,7.867431640625000000e-02,3.785705566406250000e-02,-3.067474365234375000e-01,3.787231445312500000e-02,8.828735351562500000e-02,8.828735351562500000e-02,1.148681640625000000e-01,1.111145019531250000e-01,-3.956756591796875000e-01,-3.737335205078125000e-01,-3.956909179687500000e-01,5.131530761718750000e-02,1.197509765625000000e-01,-3.978729248046875000e-01,6.541442871093750000e-02,1.248931884765625000e-01,1.249237060546875000e-01,-3.980712890625000000e-01,-3.978729248046875000e-01,-3.980560302734375000e-01,1.484527587890625000e-01,1.153564453125000000e-01,-3.974151611328125000e-01,5.184936523437500000e-02,5.184936523437500000e-02,5.184936523437500000e-02,7.135009765625000000e-02,1.567535400390625000e-01,7.238769531250000000e-02,7.254028320312500000e-02,1.567535400390625000e-01,1.570434570312500000e-01,6.646728515625000000e-02,7.254028320312500000e-02,-6.698608398437500000e-01,1.570434570312500000e-01,-6.181182861328125000e-01,-6.181793212890625000e-01,7.273864746093750000e-02,-5.380706787109375000e-01,-5.388641357421875000e-01,7.273864746093750000e-02,-5.381469726562500000e-01,-5.388793945312500000e-01
6.759643554687500000e-03,4.010009765625000000e-02,6.759643554687500000e-03,2.467346191406250000e-02,2.467346191406250000e-02,4.010009765625000000e-02,7.719421386718750000e-02,-2.688293457031250000e-01,3.175354003906250000e-02,7.723999023437500000e-02,7.723999023437500000e-02,-2.688293457031250000e-01,8.663940429687500000e-02,3.642272949218750000e-02,8.663940429687500000e-02,-3.011779785156250000e-01,-3.011474609375000000e-01,-3.878936767578125000e-01,-3.761901855468750000e-01,4.902648925781250000e-02,4.597473144531250000e-02,4.904174804687500000e-02,1.123046875000000000e-01,-4.048461914062500000e-01,4.885864257812500000e-02,1.404724121093750000e-01,-4.220123291015625000e-01,-4.220275878906250000e-01,4.879760742187500000e-02,4.884338378906250000e-02,4.879760742187500000e-02,-5.005645751953125000e-01,-3.880920410156250000e-01,4.888916015625000000e-02,1.123962402343750000e-01,1.123657226562500000e-01,1.123657226562500000e-01,1.519470214843750000e-01,-5.501403808593750000e-01,1.675262451171875000e-01,1.954345703125000000e-01,-5.501556396484375000e-01,-7.926177978515625000e-01,1.425018310546875000e-01,1.954193115234375000e-01,6.941223144531250000e-02,-8.222351074218750000e-01,6.942749023437500000e-02,6.942749023437500000e-02,2.141418457031250000e-01,8.169555664062500000e-02,9.945678710937500000e-02,2.141571044921875000e-01,8.171081542968750000e-02,9.945678710937500000e-02
-9.698486328125000000e-02,1.411437988281250000e-02,-9.700012207031250000e-02,-2.237854003906250000e-01,-2.237854003906250000e-01,1.411437988281250000e-02,3.314208984375000000e-02,7.859802246093750000e-02,-2.738952636718750000e-01,3.315734863281250000e-02,3.315734863281250000e-02,7.861328125000000000e-02,3.799438476562500000e-02,-3.067779541015625000e-01,3.800964355468750000e-02,8.822631835937500000e-02,8.822631835937500000e-02,1.147918701171875000e-01,1.110382080078125000e-01,-3.957061767578125000e-01,-3.737640380859375000e-01,-3.957366943359375000e-01,5.149841308593750000e-02,1.196594238281250000e-01,-3.979187011718750000e-01,6.561279296875000000e-02,1.248168945312500000e-01,1.248321533203125000e-01,-3.981323242187500000e-01,-3.979187011718750000e-01,-3.981170654296875000e-01,1.483612060546875000e-01,1.152801513671875000e-01,-3.974609375000000000e-01,5.204772949218750000e-02,5.204772949218750000e-02,5.206298828125000000e-02,7.154846191406250000e-02,1.566467285156250000e-01,7.258605957031250000e-02,7.276916503906250000e-02,1.566467285156250000e-01,1.569366455078125000e-01,6.665039062500000000e-02,7.275390625000000000e-02,-6.181640625000000000e-01,1.569366455078125000e-01,-6.451416015625000000e-01,-6.303100585937500000e-01,7.296752929687500000e-02,-5.381011962890625000e-01,-5.388946533203125000e-01,7.296752929687500000e-02,-5.381774902343750000e-01,-5.389099121093750000e-01
-9.706115722656250000e-02,1.409912109375000000e-02,-9.706115722656250000e-02,-2.239532470703125000e-01,-2.239532470703125000e-01,1.409912109375000000e-02,3.312683105468750000e-02,7.873535156250000000e-02,-2.740936279296875000e-01,3.314208984375000000e-02,3.314208984375000000e-02,7.875061035156250000e-02,3.797912597656250000e-02,-3.069915771484375000e-01,3.799438476562500000e-02,8.837890625000000000e-02,8.836364746093750000e-02,1.149749755859375000e-01,1.112213134765625000e-01,-3.959808349609375000e-01,-3.740234375000000000e-01,-3.960113525390625000e-01,5.146789550781250000e-02,1.198577880859375000e-01,-3.982238769531250000e-01,6.558227539062500000e-02,1.250000000000000000e-01,1.250305175781250000e-01,-3.984375000000000000e-01,-3.982238769531250000e-01,-3.984222412109375000e-01,1.485748291015625000e-01,1.154785156250000000e-01,-3.977661132812500000e-01,5.201721191406250000e-02,5.203247070312500000e-02,5.203247070312500000e-02,7.151794433593750000e-02,1.568756103515625000e-01,7.257080078125000000e-02,7.273864746093750000e-02,1.568756103515625000e-01,1.571655273437500000e-01,6.663513183593750000e-02,7.273864746093750000e-02,-6.185455322265625000e-01,1.571807861328125000e-01,-6.306152343750000000e-01,-6.703948974609375000e-01,7.293701171875000000e-02,-5.384521484375000000e-01,-5.392608642578125000e-01,7.295227050781250000e-02,-5.385437011718750000e-01,-5.392761230468750000e-01
2.734375000000000000e-02,-1.448211669921875000e-01,2.734375000000000000e-02,6.478881835937500000e-02,6.478881835937500000e-02,-1.448211669921875000e-01,-2.746582031250000000e-01,3.256225585937500000e-02,7.963562011718750000e-02,-2.748107910156250000e-01,-2.748107910156250000e-01,3.256225585937500000e-02,-3.076934814453125000e-01,8.930969238281250000e-02,-3.076782226562500000e-01,3.729248046875000000e-02,3.729248046875000000e-02,5.000305175781250000e-02,4.830932617187500000e-02,1.160888671875000000e-01,1.094665527343750000e-01,1.161041259765625000e-01,-3.966369628906250000e-01,5.255126953125000000e-02,1.170349121093750000e-01,-4.928894042968750000e-01,5.509948730468750000e-02,5.511474609375000000e-02,1.171722412109375000e-01,1.170196533203125000e-01,1.171722412109375000e-01,6.677246093750000000e-02,5.003356933593750000e-02,1.168518066406250000e-01,-3.982086181640625000e-01,-3.982543945312500000e-01,-3.982543945312500000e-01,-5.325012207031250000e-01,7.409667968750000000e-02,-5.862579345703125000e-01,-6.846923828125000000e-01,7.411193847656250000e-02,1.016235351562500000e-01,-4.998779296875000000e-01,-6.846771240234375000e-01,1.588897705078125000e-01,1.016235351562500000e-01,1.588897705078125000e-01,1.589050292968750000e-01,-9.831542968750000000e-01,1.844482421875000000e-01,2.427673339843750000e-01,-9.403991699218750000e-01,1.844787597656250000e-01,2.427673339843750000e-01
-9.707641601562500000e-02,1.406860351562500000e-02,-9.709167480468750000e-02,-2.239990234375000000e-01,-2.239990234375000000e-01,1.406860351562500000e-02,3.309631347656250000e-02,7.873535156250000000e-02,-2.741546630859375000e-01,3.311157226562500000e-02,3.311157226562500000e-02,7.875061035156250000e-02,3.794860839843750000e-02,-3.070678710937500000e-01,3.796386718750000000e-02,8.837890625000000000e-02,8.836364746093750000e-02,1.149749755859375000e-01,1.112213134765625000e-01,-3.960876464843750000e-01,-3.741302490234375000e-01,-3.961029052734375000e-01,5.143737792968750000e-02,1.198577880859375000e-01,-3.982696533203125000e-01,6.558227539062500000e-02,1.250000000000000000e-01,1.250305175781250000e-01,-3.984832763671875000e-01,-3.982696533203125000e-01,-3.984680175781250000e-01,1.485748291015625000e-01,1.154632568359375000e-01,-3.978271484375000000e-01,5.197143554687500000e-02,5.197143554687500000e-02,5.197143554687500000e-02,7.151794433593750000e-02,1.634674072265625000e-01,7.954406738281250000e-02,8.547973632812500000e-02,1.634674072265625000e-01,1.820831298828125000e-01,6.661987304687500000e-02,8.547973632812500000e-02,-5.382843017578125000e-01,1.820831298828125000e-01,-5.382385253906250000e-01,-5.382995605468750000e-01,8.572387695312500000e-02,-7.085723876953125000e-01,-6.247863769531250000e-01,8.572387695312500000e-02,-6.914520263671875000e-01,-6.248016357421875000e-01
-9.741210937500000000e-02,1.420593261718750000e-02,-9.741210937500000000e-02,-2.248077392578125000e-01,-2.248077392578125000e-01,1.419067382812500000e-02,3.340148925781250000e-02,7.894897460937500000e-02,-2.751464843750000000e-01,3.341674804687500000e-02,3.341674804687500000e-02,7.896423339843750000e-02,3.829956054687500000e-02,-3.081817626953125000e-01,3.831481933593750000e-02,8.860778808593750000e-02,8.860778808593750000e-02,1.152801513671875000e-01,1.115112304687500000e-01,-3.975219726562500000e-01,-3.754730224609375000e-01,-3.975372314453125000e-01,5.191040039062500000e-02,1.201629638671875000e-01,-3.997497558593750000e-01,6.614685058593750000e-02,1.253356933593750000e-01,1.253509521484375000e-01,-3.999481201171875000e-01,-3.997497558593750000e-01,-3.999481201171875000e-01,1.489562988281250000e-01,1.157684326171875000e-01,-3.992919921875000000e-01,5.245971679687500000e-02,5.245971679687500000e-02,5.245971679687500000e-02,7.214355468750000000e-02,1.638793945312500000e-01,8.023071289062500000e-02,9.498596191406250000e-02,1.638793945312500000e-01,2.181243896484375000e-01,6.719970703125000000e-02,9.497070312500000000e-02,-5.402069091796875000e-01,2.181243896484375000e-01,-5.401611328125000000e-01,-5.402221679687500000e-01,1.162261962890625000e-01,-6.260833740234375000e-01,-9.220733642578125000e-01,1.162261962890625000e-01,-6.261749267578125000e-01,-8.827514648437500000e-01
2.734375000000000000e-02,-1.448364257812500000e-01,2.734375000000000000e-02,6.478881835937500000e-02,6.478881835937500000e-02,-1.448516845703125000e-01,-2.746887207031250000e-01,3.256225585937500000e-02,7.963562011718750000e-02,-2.748413085937500000e-01,-2.748413085937500000e-01,3.257751464843750000e-02,-3.077392578125000000e-01,8.930969238281250000e-02,-3.077087402343750000e-01,3.730773925781250000e-02,3.729248046875000000e-02,5.001831054687500000e-02,4.832458496093750000e-02,1.160888671875000000e-01,1.094665527343750000e-01,1.161041259765625000e-01,-3.966827392578125000e-01,5.256652832031250000e-02,1.170349121093750000e-01,-4.929504394531250000e-01,5.511474609375000000e-02,5.513000488281250000e-02,1.171722412109375000e-01,1.170196533203125000e-01,1.171722412109375000e-01,6.678771972656250000e-02,5.006408691406250000e-02,1.168365478515625000e-01,-3.982543945312500000e-01,-3.983001708984375000e-01,-3.983001708984375000e-01,-5.325622558593750000e-01,7.412719726562500000e-02,-5.863342285156250000e-01,-6.847686767578125000e-01,7.412719726562500000e-02,1.016540527343750000e-01,-4.999389648437500000e-01,-6.847686767578125000e-01,1.588897705078125000e-01,1.016540527343750000e-01,1.588897705078125000e-01,1.589050292968750000e-01,-9.404907226562500000e-01,1.844635009765625000e-01,2.427673339843750000e-01,-9.937744140625000000e-01,1.844787597656250000e-01,2.427673339843750000e-01
-9.712219238281250000e-02,1.408386230468750000e-02,-9.712219238281250000e-02,-2.241058349609375000e-01,-2.241058349609375000e-01,1.406860351562500000e-02,3.312683105468750000e-02,7.876586914062500000e-02,-2.742767333984375000e-01,3.312683105468750000e-02,3.312683105468750000e-02,7.878112792968750000e-02,3.797912597656250000e-02,-3.072052001953125000e-01,3.797912597656250000e-02,8.840942382812500000e-02,8.839416503906250000e-02,1.150207519531250000e-01,1.112670898437500000e-01,-3.962707519531250000e-01,-3.742980957031250000e-01,-3.962860107421875000e-01,5.146789550781250000e-02,1.199035644531250000e-01,-3.984527587890625000e-01,6.562805175781250000e-02,1.250610351562500000e-01,1.250762939453125000e-01,-3.986511230468750000e-01,-3.984527587890625000e-01,-3.986511230468750000e-01,1.486358642578125000e-01,1.155090332031250000e-01,-3.980102539062500000e-01,5.200195312500000000e-02,5.200195312500000000e-02,5.200195312500000000e-02,7.156372070312500000e-02,1.635284423828125000e-01,7.960510253906250000e-02,8.554077148437500000e-02,1.635284423828125000e-01,1.821594238281250000e-01,6.666564941406250000e-02,8.552551269531250000e-02,-5.385284423828125000e-01,1.821594238281250000e-01,-5.384826660156250000e-01,-5.385437011718750000e-01,8.576965332031250000e-02,-6.916503906250000000e-01,-6.250610351562500000e-01,8.576965332031250000e-02,-7.430572509765625000e-01,-6.250762939453125000e-01
-9.741210937500000000e-02,1.420593261718750000e-02,-9.742736816406250000e-02,-2.248229980468750000e-01,-2.248229980468750000e-01,1.420593261718750000e-02,3.341674804687500000e-02,7.896423339843750000e-02,-2.751617431640625000e-01,3.343200683593750000e-02,3.343200683593750000e-02,7.896423339843750000e-02,3.829956054687500000e-02,-3.081970214843750000e-01,3.831481933593750000e-02,8.862304687500000000e-02,8.860778808593750000e-02,1.152801513671875000e-01,1.115264892578125000e-01,-3.975372314453125000e-01,-3.755035400390625000e-01,-3.975677490234375000e-01,5.191040039062500000e-02,1.201782226562500000e-01,-3.997650146484375000e-01,6.616210937500000000e-02,1.253356933593750000e-01,1.253662109375000000e-01,-3.999786376953125000e-01,-3.997650146484375000e-01,-3.999633789062500000e-01,1.489715576171875000e-01,1.157836914062500000e-01,-3.993225097656250000e-01,5.245971679687500000e-02,5.247497558593750000e-02,5.247497558593750000e-02,7.215881347656250000e-02,1.638793945312500000e-01,8.024597167968750000e-02,9.498596191406250000e-02,1.638793945312500000e-01,2.181243896484375000e-01,6.721496582031250000e-02,9.498596191406250000e-02,-5.402374267578125000e-01,2.181243896484375000e-01,-5.402069091796875000e-01,-5.402679443359375000e-01,1.162414550781250000e-01,-6.261138916015625000e-01,-8.827819824218750000e-01,1.162414550781250000e-01,-6.262054443359375000e-01,-9.256896972656250000e-01
